Hostname,Filesystem,Size,Used,Avail,Use%,MountedOn
solaris.example.com ,rpool/ROOT/solaris,98G,4.9G,82G,6%,/
solaris.example.com ,rpool/ROOT/solaris/var,98G,263M,82G,1%,/var
solaris.example.com ,swap,2.5G,6.6M,2.5G,1%,/system/volatile
solaris.example.com ,swap,2.5G,2.9M,2.5G,1%,/tmp
solaris.example.com ,/usr/lib/libc/libc_hwcap1.so.1,87G,4.9G,82G,6%,/lib/libc.so.1
solaris.example.com ,rpool/VARSHARE,98G,9.8M,82G,1%,/var/share
solaris.example.com ,rpool/VARSHARE/tmp,98G,84K,82G,1%,/var/tmp
solaris.example.com ,rpool/VARSHARE/kvol,98G,31K,82G,1%,/var/share/kvol
solaris.example.com ,rpool/VARSHARE/zones,98G,31K,82G,1%,/system/zones
solaris.example.com ,rpool/export,98G,32K,82G,1%,/export
solaris.example.com ,rpool/export/home,98G,9.4M,82G,1%,/export/home
solaris.example.com ,rpool,98G,4.3M,82G,1%,/rpool
solaris.example.com ,rpool/VARSHARE/pkg,98G,32K,82G,1%,/var/share/pkg
solaris.example.com ,rpool/VARSHARE/pkg/repositories,98G,31K,82G,1%,/var/share/pkg/repositories
solaris.example.com ,rpool/VARSHARE/sstore,98G,8.2M,82G,1%,/var/share/sstore/repo
