Hostname,STATE,STIME,FMRI
solaris.example.com ,legacy_run,Oct_16,lrc:/etc/rc2_d/S89PRESERVE
solaris.example.com ,disabled,Oct_16,svc:/network/ipsec/ike:default
solaris.example.com ,disabled,Oct_16,svc:/network/ipsec/ike:ikev2
solaris.example.com ,disabled,Oct_16,svc:/network/ipsec/manual-key:default
solaris.example.com ,disabled,Oct_16,svc:/network/ldap/client:default
solaris.example.com ,disabled,Oct_16,svc:/network/nis/client:default
solaris.example.com ,disabled,Oct_16,svc:/network/nis/domain:default
solaris.example.com ,disabled,Oct_16,svc:/system/device/mpxio-upgrade:default
solaris.example.com ,disabled,Oct_16,svc:/system/labeld:default
solaris.example.com ,disabled,Oct_16,svc:/system/name-service-cache:default
solaris.example.com ,disabled,Oct_16,svc:/network/nfs/cbd:default
solaris.example.com ,disabled,Oct_16,svc:/network/nfs/client:default
solaris.example.com ,disabled,Oct_16,svc:/network/nfs/mapid:default
solaris.example.com ,disabled,Oct_16,svc:/network/nfs/nlockmgr:default
solaris.example.com ,disabled,Oct_16,svc:/network/nfs/status:default
solaris.example.com ,disabled,Oct_16,svc:/network/rpc/keyserv:default
solaris.example.com ,disabled,Oct_16,svc:/system/device/policy-upgrade:default
solaris.example.com ,disabled,Oct_16,svc:/system/idmap:default
solaris.example.com ,disabled,Oct_16,svc:/system/kerberos/install:default
solaris.example.com ,disabled,Oct_16,svc:/system/pools:default
solaris.example.com ,disabled,Oct_16,svc:/system/rcap:default
solaris.example.com ,disabled,Oct_16,svc:/system/system-log:rsyslog
solaris.example.com ,disabled,Oct_16,svc:/application/management/net-snmp:default
solaris.example.com ,disabled,Oct_16,svc:/application/pkg/depot:default
solaris.example.com ,disabled,Oct_16,svc:/application/pkg/dynamic-mirror:default
solaris.example.com ,disabled,Oct_16,svc:/application/pkg/mirror:default
solaris.example.com ,disabled,Oct_16,svc:/application/pkg/server:default
solaris.example.com ,disabled,Oct_16,svc:/application/pkg/system-repository:default
solaris.example.com ,disabled,Oct_16,svc:/network/dns/multicast:default
solaris.example.com ,disabled,Oct_16,svc:/network/smb/client:default
solaris.example.com ,disabled,Oct_16,svc:/application/pkg/zones-proxyd:default
solaris.example.com ,disabled,Oct_16,svc:/application/security/tcsd:default
solaris.example.com ,disabled,Oct_16,svc:/network/dhcp/relay:ipv4
solaris.example.com ,disabled,Oct_16,svc:/network/dhcp/relay:ipv6
solaris.example.com ,disabled,Oct_16,svc:/network/dhcp/server:ipv4
solaris.example.com ,disabled,Oct_16,svc:/network/dhcp/server:ipv6
solaris.example.com ,disabled,Oct_16,svc:/network/diagnostics:default
solaris.example.com ,disabled,Oct_16,svc:/network/dlmp:default
solaris.example.com ,disabled,Oct_16,svc:/network/dns/server:default
solaris.example.com ,disabled,Oct_16,svc:/network/firewall/ftp-proxy:default
solaris.example.com ,disabled,Oct_16,svc:/network/firewall/pflog:default
solaris.example.com ,disabled,Oct_16,svc:/network/ftp:default
solaris.example.com ,disabled,Oct_16,svc:/network/http:apache24
solaris.example.com ,disabled,Oct_16,svc:/network/ipmievd:default
solaris.example.com ,disabled,Oct_16,svc:/network/ipsec/policy:logger
solaris.example.com ,disabled,Oct_16,svc:/network/ldap/server:openldap
solaris.example.com ,disabled,Oct_16,svc:/network/loadbalancer/ilb:default
solaris.example.com ,disabled,Oct_16,svc:/network/nfs/server:default
solaris.example.com ,disabled,Oct_16,svc:/network/routing/legacy-routing:ipv4
solaris.example.com ,disabled,Oct_16,svc:/network/routing/legacy-routing:ipv6
solaris.example.com ,disabled,Oct_16,svc:/network/routing/ripng:default
solaris.example.com ,disabled,Oct_16,svc:/network/routing/route:default
solaris.example.com ,disabled,Oct_16,svc:/network/security/kadmin:default
solaris.example.com ,disabled,Oct_16,svc:/network/security/krb5_prop:default
solaris.example.com ,disabled,Oct_16,svc:/network/security/krb5kdc:default
solaris.example.com ,disabled,Oct_16,svc:/network/smb/server:default
solaris.example.com ,disabled,Oct_16,svc:/network/socket-filter:pf_divert
solaris.example.com ,disabled,Oct_16,svc:/system/apache-stats-24:default
solaris.example.com ,disabled,Oct_16,svc:/system/consadm:default
solaris.example.com ,disabled,Oct_16,svc:/system/console-login:terma
solaris.example.com ,disabled,Oct_16,svc:/system/console-login:termb
solaris.example.com ,disabled,Oct_16,svc:/system/filesystem/reparse:default
solaris.example.com ,disabled,Oct_16,svc:/system/extended-accounting:flow
solaris.example.com ,disabled,Oct_16,svc:/system/extended-accounting:net
solaris.example.com ,disabled,Oct_16,svc:/system/extended-accounting:process
solaris.example.com ,disabled,Oct_16,svc:/system/extended-accounting:task
solaris.example.com ,disabled,Oct_16,svc:/system/filesystem/uvfs:default
solaris.example.com ,disabled,Oct_16,svc:/system/fm/notify-params:default
solaris.example.com ,disabled,Oct_16,svc:/system/fm/snmp-notify:default
solaris.example.com ,disabled,Oct_16,svc:/system/install/server:default
solaris.example.com ,disabled,Oct_16,svc:/system/labeld:change
solaris.example.com ,disabled,Oct_16,svc:/system/labeld:init
solaris.example.com ,disabled,Oct_16,svc:/system/pkcs11:metaslot
solaris.example.com ,disabled,Oct_16,svc:/system/pkcs11:softtoken
solaris.example.com ,disabled,Oct_16,svc:/system/pools/dynamic:default
solaris.example.com ,disabled,Oct_16,svc:/system/rad:remote
solaris.example.com ,disabled,Oct_16,svc:/system/rds:default
solaris.example.com ,disabled,Oct_16,svc:/system/sar:default
solaris.example.com ,disabled,Oct_16,svc:/system/svc/global:default
solaris.example.com ,disabled,Oct_16,svc:/system/wusbd:default
solaris.example.com ,disabled,Oct_16,svc:/platform/i86pc/acpihpd:default
solaris.example.com ,disabled,Oct_16,svc:/application/pkg/sysrepo-cache-compact:default
solaris.example.com ,disabled,Oct_16,svc:/application/security/compliance:default
solaris.example.com ,disabled,Oct_16,svc:/network/rpc/rstat:default
solaris.example.com ,disabled,Oct_16,svc:/network/chargen:dgram
solaris.example.com ,disabled,Oct_16,svc:/network/chargen:stream
solaris.example.com ,disabled,Oct_16,svc:/network/daytime:dgram
solaris.example.com ,disabled,Oct_16,svc:/network/daytime:stream
solaris.example.com ,disabled,Oct_16,svc:/network/discard:dgram
solaris.example.com ,disabled,Oct_16,svc:/network/discard:stream
solaris.example.com ,disabled,Oct_16,svc:/network/echo:dgram
solaris.example.com ,disabled,Oct_16,svc:/network/echo:stream
solaris.example.com ,disabled,Oct_16,svc:/network/finger:default
solaris.example.com ,disabled,Oct_16,svc:/network/kz-migr:stream
solaris.example.com ,disabled,Oct_16,svc:/network/login:rlogin
solaris.example.com ,disabled,Oct_16,svc:/network/nfs/rquota:default
solaris.example.com ,disabled,Oct_16,svc:/network/rexec:default
solaris.example.com ,disabled,Oct_16,svc:/network/rpc/rex:default
solaris.example.com ,disabled,Oct_16,svc:/network/rpc/rusers:default
solaris.example.com ,disabled,Oct_16,svc:/network/rpc/spray:default
solaris.example.com ,disabled,Oct_16,svc:/network/rpc/wall:default
solaris.example.com ,disabled,Oct_16,svc:/network/security/ktkt_warn:default
solaris.example.com ,disabled,Oct_16,svc:/network/shell:default
solaris.example.com ,disabled,Oct_16,svc:/network/talk:default
solaris.example.com ,disabled,Oct_16,svc:/network/telnet:default
solaris.example.com ,disabled,Oct_16,svc:/network/tftp/udp6:default
solaris.example.com ,disabled,Oct_16,svc:/network/time:dgram
solaris.example.com ,disabled,Oct_16,svc:/network/time:stream
solaris.example.com ,disabled,Oct_16,svc:/system/sp/management:default
solaris.example.com ,disabled,Oct_16,svc:/system/etrace:client
solaris.example.com ,disabled,Oct_16,svc:/system/etrace:server
solaris.example.com ,online,Oct_16,svc:/system/early-manifest-import:default
solaris.example.com ,online,Oct_16,svc:/system/svc/restarter:default
solaris.example.com ,online,Oct_16,svc:/milestone/immutable-setup:default
solaris.example.com ,online,Oct_16,svc:/network/connectx/unified-driver-post-upgrade:default
solaris.example.com ,online,Oct_16,svc:/network/datalink-management:default
solaris.example.com ,online,Oct_16,svc:/network/ib/ib-management:default
solaris.example.com ,online,Oct_16,svc:/network/sctp/congestion-control:cubic
solaris.example.com ,online,Oct_16,svc:/network/sctp/congestion-control:highspeed
solaris.example.com ,online,Oct_16,svc:/network/sctp/congestion-control:newreno
solaris.example.com ,online,Oct_16,svc:/network/sctp/congestion-control:vegas
solaris.example.com ,online,Oct_16,svc:/network/socket-config:default
solaris.example.com ,online,Oct_16,svc:/network/tcp/congestion-control:cubic
solaris.example.com ,online,Oct_16,svc:/network/tcp/congestion-control:dctcp
solaris.example.com ,online,Oct_16,svc:/network/tcp/congestion-control:highspeed
solaris.example.com ,online,Oct_16,svc:/network/tcp/congestion-control:newreno
solaris.example.com ,online,Oct_16,svc:/network/tcp/congestion-control:vegas
solaris.example.com ,online,Oct_16,svc:/system/name-service/upgrade:default
solaris.example.com ,online,Oct_16,svc:/application/man-index:default
solaris.example.com ,online,Oct_16,svc:/network/eoib/eoib-post-upgrade:default
solaris.example.com ,online,Oct_16,svc:/network/ip-interface-management:default
solaris.example.com ,online,Oct_16,svc:/network/ipsec/ipsecalgs:default
solaris.example.com ,online,Oct_16,svc:/network/ipsec/policy:default
solaris.example.com ,online,Oct_16,svc:/network/loopback:default
solaris.example.com ,online,Oct_16,svc:/network/smb:default
solaris.example.com ,online,Oct_16,svc:/network/tcp/tcpkey:default
solaris.example.com ,online,Oct_16,svc:/system/filesystem/root:default
solaris.example.com ,online,Oct_16,svc:/system/resource-controls:default
solaris.example.com ,online,Oct_16,svc:/system/scheduler:default
solaris.example.com ,online,Oct_16,svc:/system/timezone:default
solaris.example.com ,online,Oct_16,svc:/network/evs-controller:default
solaris.example.com ,online,Oct_16,svc:/network/ipmp:default
solaris.example.com ,online,Oct_16,svc:/network/physical:upgrade
solaris.example.com ,online,Oct_16,svc:/network/routing/ndp:default
solaris.example.com ,online,Oct_16,svc:/system/cryptosvc:default
solaris.example.com ,online,Oct_16,svc:/system/devchassis:cleanstart
solaris.example.com ,online,Oct_16,svc:/system/pfexec:default
solaris.example.com ,online,Oct_16,svc:/system/boot-archive:default
solaris.example.com ,online,Oct_16,svc:/system/filesystem/usr:default
solaris.example.com ,online,Oct_16,svc:/system/splice:default
solaris.example.com ,online,Oct_16,svc:/application/desktop-cache/docbook-style-xsl-update:default
solaris.example.com ,online,Oct_16,svc:/application/desktop-cache/glib-compile-schemas:default
solaris.example.com ,online,Oct_16,svc:/system/boot-archive-update:default
solaris.example.com ,online,Oct_16,svc:/system/device/local:default
solaris.example.com ,online,Oct_16,svc:/system/environment:init
solaris.example.com ,online,Oct_16,svc:/system/filesystem/minimal:default
solaris.example.com ,online,Oct_16,svc:/system/logadm-upgrade:default
solaris.example.com ,online,Oct_16,svc:/system/pkgserv:default
solaris.example.com ,online,Oct_16,svc:/system/swap:default
solaris.example.com ,online,Oct_16,svc:/system/sysevent:default
solaris.example.com ,online,Oct_16,svc:/system/sysobj:default
solaris.example.com ,online,Oct_16,svc:/system/zones-upgrade:default
solaris.example.com ,online,Oct_16,svc:/application/desktop-cache/docbook-style-dsssl-update:default
solaris.example.com ,online,Oct_16,svc:/application/desktop-cache/gio-module-cache:default
solaris.example.com ,online,Oct_16,svc:/system/account-policy:default
solaris.example.com ,online,Oct_16,svc:/system/dbus:default
solaris.example.com ,online,Oct_16,svc:/system/devfsadm:default
solaris.example.com ,online,Oct_16,svc:/system/rmtmpfiles:default
solaris.example.com ,online,Oct_16,svc:/system/vbiosd:default
solaris.example.com ,online,Oct_16,svc:/application/font/fc-cache:default
solaris.example.com ,online,Oct_16,svc:/milestone/devices:default
solaris.example.com ,online,Oct_16,svc:/milestone/unconfig:default
solaris.example.com ,online,Oct_16,svc:/network/npiv_config:default
solaris.example.com ,online,Oct_16,svc:/system/coreadm:default
solaris.example.com ,online,Oct_16,svc:/system/dump:config
solaris.example.com ,online,Oct_16,svc:/system/hostid:default
solaris.example.com ,online,Oct_16,svc:/system/hotplug:default
solaris.example.com ,online,Oct_16,svc:/system/rad:local
solaris.example.com ,online,Oct_16,svc:/system/resource-mgmt:default
solaris.example.com ,online,Oct_16,svc:/system/security/security-extensions:default
solaris.example.com ,online,Oct_16,svc:/system/security/security-extensions:kernel
solaris.example.com ,online,Oct_16,svc:/system/svc/periodic-restarter:default
solaris.example.com ,online,Oct_16,svc:/system/utmp:default
solaris.example.com ,online,Oct_16,svc:/system/zones-monitoring:default
solaris.example.com ,online,Oct_16,svc:/application/desktop-cache/docbook-dtds-update:default
solaris.example.com ,online,Oct_16,svc:/milestone/config:default
solaris.example.com ,online,Oct_16,svc:/network/ilomconfig-interconnect:default
solaris.example.com ,online,Oct_16,svc:/network/install:default
solaris.example.com ,online,Oct_16,svc:/system/config-user:default
solaris.example.com ,online,Oct_16,svc:/system/keymap:default
solaris.example.com ,online,Oct_16,svc:/system/name-service/switch:default
solaris.example.com ,online,Oct_16,svc:/milestone/name-services:default
solaris.example.com ,online,Oct_16,svc:/network/dns/client:default
solaris.example.com ,online,Oct_16,svc:/network/initial:default
solaris.example.com ,online,Oct_16,svc:/network/iptun:default
solaris.example.com ,online,Oct_16,svc:/network/nfs/fedfs-client:default
solaris.example.com ,online,Oct_16,svc:/network/physical:default
solaris.example.com ,online,Oct_16,svc:/system/fcoe_initiator:default
solaris.example.com ,online,Oct_16,svc:/system/identity:cert-expiry
solaris.example.com ,online,Oct_16,svc:/system/identity:domain
solaris.example.com ,online,Oct_16,svc:/system/identity:node
solaris.example.com ,online,Oct_16,svc:/system/identity:version
solaris.example.com ,online,Oct_16,svc:/system/name-service/cache:default
solaris.example.com ,online,Oct_16,svc:/system/picl:default
solaris.example.com ,online,Oct_16,svc:/application/pkg/repositories-setup:default
solaris.example.com ,online,Oct_16,svc:/milestone/single-user:default
solaris.example.com ,online,Oct_16,svc:/network/iscsi/initiator:default
solaris.example.com ,online,Oct_16,svc:/network/nfs/cleanup-upgrade:default
solaris.example.com ,online,Oct_16,svc:/network/nfs/cleanup:default
solaris.example.com ,online,Oct_16,svc:/network/service:default
solaris.example.com ,online,Oct_16,svc:/network/smb/client2:default
solaris.example.com ,online,Oct_16,svc:/system/auditset:default
solaris.example.com ,online,Oct_16,svc:/system/filesystem/local:default
solaris.example.com ,online,Oct_16,svc:/system/filesystem/ufs/quota:default
solaris.example.com ,online,Oct_16,svc:/system/identity:cert
solaris.example.com ,online,Oct_16,svc:/system/labeld:clearance
solaris.example.com ,online,Oct_16,svc:/system/name-service/upgrade:final
solaris.example.com ,online,Oct_16,svc:/system/restore_coreadm:default
solaris.example.com ,online,Oct_16,svc:/application/cups/scheduler:default
solaris.example.com ,online,Oct_16,svc:/application/security/compliance:generate-guide
solaris.example.com ,online,Oct_16,svc:/network/routing-setup:default
solaris.example.com ,online,Oct_16,svc:/network/shares:default
solaris.example.com ,online,Oct_16,svc:/system/boot-loader-update:default
solaris.example.com ,online,Oct_16,svc:/system/ca-certificates:default
solaris.example.com ,online,Oct_16,svc:/system/cron:default
solaris.example.com ,online,Oct_16,svc:/system/power:default
solaris.example.com ,online,Oct_16,svc:/system/zones:default
solaris.example.com ,online,Oct_16,svc:/network/inetd:default
solaris.example.com ,online,Oct_16,svc:/network/rpc/bind:default
solaris.example.com ,online,Oct_16,svc:/system/devchassis:daemon
solaris.example.com ,online,Oct_16,svc:/system/dump:deferred
solaris.example.com ,online,Oct_16,svc:/system/dump:disk
solaris.example.com ,online,Oct_16,svc:/system/dump:swap
solaris.example.com ,online,Oct_16,svc:/system/filesystem/autofs:default
solaris.example.com ,online,Oct_16,svc:/system/fmd:default
solaris.example.com ,online,Oct_16,svc:/system/hal:default
solaris.example.com ,online,Oct_16,svc:/application/cups/in-lpd:default
solaris.example.com ,online,Oct_16,svc:/network/rpc/gss:default
solaris.example.com ,online,Oct_16,svc:/network/rpc/smserver:default
solaris.example.com ,online,Oct_16,svc:/system/filesystem/rmvolmgr:default
solaris.example.com ,online,Oct_16,svc:/system/webui/server:default
solaris.example.com ,online,Oct_16,svc:/milestone/self-assembly-complete:default
solaris.example.com ,online,Oct_16,svc:/network/sendmail-client:default
solaris.example.com ,online,Oct_16,svc:/network/smtp:sendmail
solaris.example.com ,online,Oct_16,svc:/system/auditd:default
solaris.example.com ,online,Oct_16,svc:/system/console-login:default
solaris.example.com ,online,Oct_16,svc:/system/console-login:vt2
solaris.example.com ,online,Oct_16,svc:/system/console-login:vt3
solaris.example.com ,online,Oct_16,svc:/system/console-login:vt4
solaris.example.com ,online,Oct_16,svc:/system/console-login:vt5
solaris.example.com ,online,Oct_16,svc:/system/console-login:vt6
solaris.example.com ,online,Oct_16,svc:/system/kstat2adm:default
solaris.example.com ,online,Oct_16,svc:/system/system-log:default
solaris.example.com ,online,Oct_16,svc:/system/vtdaemon:default
solaris.example.com ,online,Oct_16,svc:/milestone/goals:default
solaris.example.com ,online,Oct_16,svc:/milestone/multi-user-server:default
solaris.example.com ,online,Oct_16,svc:/milestone/multi-user:default
solaris.example.com ,online,Oct_16,svc:/system/boot-config:default
solaris.example.com ,online,Oct_16,svc:/system/coremon:cleanup
solaris.example.com ,online,Oct_16,svc:/system/coremon:default
solaris.example.com ,online,Oct_16,svc:/system/fm/asr-notify:default
solaris.example.com ,online,Oct_16,svc:/system/fm/smtp-notify:default
solaris.example.com ,online,Oct_16,svc:/system/install/telemetry-manager:files
solaris.example.com ,online,Oct_16,svc:/system/install/telemetry-manager:stats
solaris.example.com ,online,Oct_16,svc:/system/intrd:default
solaris.example.com ,online,Oct_16,svc:/system/sstore:default
solaris.example.com ,online,Oct_16,svc:/system/sysstat:default
solaris.example.com ,online,Oct_16,svc:/system/zones-install:default
solaris.example.com ,online,Oct_16,svc:/application/odoc-import:default
solaris.example.com ,online,Oct_16,svc:/network/dhcp/client:default
solaris.example.com ,online,Oct_16,svc:/system/console-reset:default
solaris.example.com ,online,Oct_16,svc:/network/ssh:default
solaris.example.com ,online,Oct_16,svc:/application/texinfo-update:default
solaris.example.com ,online,Oct_19,svc:/network/ntp:default
solaris.example.com ,online,Oct_27,svc:/system/manifest-import:default
solaris.example.com ,online,Oct_27,svc:/milestone/network:default
solaris.example.com ,online,Oct_27,svc:/network/firewall:default
solaris.example.com ,maintenance,Oct_20,svc:/network/cswnrpe:default
solaris.example.com ,maintenance,Oct_27,svc:/network/ipf2pf:default
solaris.example.com ,uninitialized,Oct_16,svc:/application/graphical-login/gdm:default
solaris.example.com ,uninitialized,Oct_16,svc:/network/tnctl:default
solaris.example.com ,uninitialized,Oct_27,svc:/network/firewall/pflog:pflssh1
