Hostname,USER,PID,CMD
solaris.example.com ,root,915,/usr/lib/inet/sendmail
solaris.example.com ,noaccess,1044,/usr/lib/fm/notify/asr-notify
solaris.example.com ,root,784,/usr/lib/hal/hald-addon-acpi
solaris.example.com ,root,765,/usr/sbin/cupsd
solaris.example.com ,root,866,/usr/lib/rmvolmgr
solaris.example.com ,root,768,/usr/sbin/cron
solaris.example.com ,root,781,hald-runner
solaris.example.com ,root,790,/usr/lib/hal/hald-addon-storage
solaris.example.com ,smmsp,898,/usr/lib/inet/sendmail
solaris.example.com ,root,793,/usr/lib/sstore/bin/sstored
solaris.example.com ,root,812,/usr/apache2/2.4/bin/httpd
solaris.example.com ,root,813,/usr/apache2/2.4/bin/rotatelogs
solaris.example.com ,root,4486,bin/rscd
solaris.example.com ,root,814,/usr/apache2/2.4/bin/rotatelogs
solaris.example.com ,root,889,/usr/sbin/syslogd
solaris.example.com ,root,820,/usr/lib/autofs/automountd
solaris.example.com ,webservd,824,/usr/apache2/2.4/bin/httpd
solaris.example.com ,webservd,825,/usr/apache2/2.4/bin/httpd
solaris.example.com ,root,847,/usr/lib/devchassis/devchassisd
solaris.example.com ,root,833,/usr/lib/inet/inetd
solaris.example.com ,root,1116,/usr/lib/ssh/sshd
solaris.example.com ,root,933,/usr/lib/vtdaemon
solaris.example.com ,root,938,/usr/sbin/ttymon
solaris.example.com ,root,1001,/usr/sbin/ttymon
solaris.example.com ,root,947,/usr/sbin/ttymon
solaris.example.com ,root,945,/usr/sbin/ttymon
solaris.example.com ,root,950,/usr/sbin/ttymon
solaris.example.com ,daemon,3536,/usr/lib/inet/ntpd
solaris.example.com ,root,1038,/usr/lib/sstore/bin/sysstatd
solaris.example.com ,root,3370,/usr/lib/ssh/sshd
solaris.example.com ,root,3359,/usr/lib/ssh/sshd
solaris.example.com ,netadm,1079,/usr/sbin/dhcpagent
solaris.example.com ,root,3355,/usr/lib/ssh/sshd
solaris.example.com ,root,1068,/usr/bin/coremond
solaris.example.com ,noaccess,1055,/usr/lib/fm/notify/smtp-notify
solaris.example.com ,root,6080,/usr/bin/ps
solaris.example.com ,root,1086,-bash
solaris.example.com ,root,6075,python3.0
solaris.example.com ,root,3884,/opt/ASE/bin/ase
solaris.example.com ,root,6078,/bin/sh
solaris.example.com ,root,3886,/opt/ASE/bin/asex
solaris.example.com ,root,3364,-bash
solaris.example.com ,root,18935,/lib/svc/bin/svc.configd
solaris.example.com ,root,4485,bin/rscd
solaris.example.com ,root,4488,bin/rscd
solaris.example.com ,root,6072,vim
solaris.example.com ,root,6625,/usr/sbin/nsrexecd
solaris.example.com ,root,3360,/usr/lib/ssh/sshd
solaris.example.com ,root,6081,tail
solaris.example.com ,root,3374,-bash
